,True value,OLS,IV-2SLS (robust)
$\alpha$ (price),-2.0,-1.3528685414651695,-1.4047210514566357
$\beta_1$ (x),1.0,0.556174062537603,0.6371273993946369
$\beta_2$ (satellite), ,0.042077614855613614,0.11976863258401525
$\alpha$ (price) (s.e.),,0.012478373293978178,0.02022643194218441
$\beta_1$ (x) (s.e.),,0.02837159695265112,0.034479492194682666
$\beta_2$ (satellite) (s.e.),,0.034917096548130785,0.04144662496632922
