,True value,OLS,IV-2SLS (robust)
$\TRUE_ALPHA$ (price),-2.0,-1.2332159339059856,-1.30196496016349
$\beta_1$ (x),1.0,0.7334908398568502,0.8622904190712092
$\beta_2$ (satellite), ,0.04680121024535701,0.16215644966195106
$\TRUE_ALPHA$ (price) (s.e.),,0.01196403405698978,0.01915558379170764
$\beta_1$ (x) (s.e.),,0.03303996727883523,0.039967861572426336
$\beta_2$ (satellite) (s.e.),,0.039876943118777985,0.04457458768574643
