,True value,OLS,IV-2SLS (robust)
\alpha (price),-2.0,-1.352868541465169,-1.404721051456638
\beta_1 (x),1.0,0.5561740625376028,0.6371273993946389
\beta_2 (is_satellite),4.0,0.042077614855612386,0.11976863258402104
\alpha (price) (s.e.),,0.012478373293978171,0.020226431942184413
\beta_1 (x) (s.e.),,0.028371596952651106,0.03447949219468272
\beta_2 (is_satellite) (s.e.),,0.03491709654813079,0.04144662496632919
